{"intrinsics":{"camera_matrix": [
    [
      2988.5795163815555,
      0,
      960
    ],
    [
      0,
      2988.3401159176124,
      600
    ],
    [
      0,
      0,
      1
    ]
  ],
  "distortion_coefficients": [
    -0.22383016606510672,
     0.51409797089106379,
    -0.00066499611998340662,
    -0.00021404771667484594,
    -0.13124227429077406
  ]}
}