{
  "Nu": 1920,
  "Nv": 1200,
  "ppx": 5.86E-6,
  "ppy": 5.86E-6,
  "fx": 0.017513075965995915,
  "fy": 0.017511673079277208,
  "ccx": 960,
  "ccy": 600,
  "cameraMatrix": [
    [
      2988.5795163815555,
      0,
      960
    ],
    [
      0,
      2988.3401159176124,
      600
    ],
    [
      0,
      0,
      1
    ]
  ],
  "distCoeffs": [
    -0.22383016606510672,
     0.51409797089106379,
    -0.00066499611998340662,
    -0.00021404771667484594,
    -0.13124227429077406
  ]
}